{
  "marketing_stripe": {
    "text": "ESQUENTA VEDEBLACK! CONFIRA♥",
    "link": "/promotion",
    "background": "#000000",
    "color": "#32c3c5"
  },
  "contacts_stripe": {
    "pages": [
      {
        "title": "Siga a gente no Insta",
        "link": "https://www.instagram.com/ve.decor/"
      }
    ],
    "phone_wpp": true,
    "socials": true
  },
  "categories_list": {
    "featured": [],
    "random": 6,
    "full_width": true
  },
  "desktop_megamenu": false,
  "search_input": true,
  "alphabetical_order_submenu": false,
  "full_width_submenu": false
}